{
	"name": "Appeal_Cards",
	"title": "Appeal_Cards",
	"description": "Allows tokens to follow other tokens.",
	"version": "1.5.2",
	"minimumCoreVersion": "9",
	"compatibleCoreVersion": "9",
	"author": "ZZCOMICS",
	"authors": [{
		"name": "ZZCOMICS"
	}],
		"license": "LICENSE",
	"styles": [
		"path":"./styles/Appeal_Card.css"
	],
	"languages": [{
		"lang": "en",
		"name": "English",
		"path": "./languages/en.json"
	}],
	"scripts": [
		"path":"./scripts/Appeal_Card.js"
	],
	"socket": false,
	"url": "https://github.com/cyy1133/Appeal_Cards",
	"download": "https://github.com/cyy1133/Appeal_Cards/archive/refs/heads/main.zip",
	"manifest": "https://raw.githubusercontent.com/cyy1133/Appeal_Cards/master/module.json",

	"library": false
}