{
	"name": "Appeal_Cards",
	"title": "Appeal_Cards",
	"description": "Allows tokens to follow other tokens.",
	"version": "1.5",
	"minimumCoreVersion": "9",
	"compatibleCoreVersion": "9",
	"author": "ZZCOMICS",
	"authors": [{
		"name": "ZZCOMICS"
	}],
	"license": "LICENSE",
	"styles": [
		"styles/Appeal_Card.css"
	],
	"languages": [{
		"lang": "en",
		"name": "English",
		"path": "languages/en.json"
	}],
	"scripts": [
		"scripts/Appeal_Card.js"
	],
	"socket": false,
	"url": "https://github.com/cyy1133/Appeal_Cards",
	"download": "https://github.com/cyy1133/Appeal_Cards/archive/1.5.zip",
	"manifest": "https://github.com/cyy1133/Appeal_Cards/releases/latest/download/module.json",
	"library": false
}